Name,Mortgage,Income,Age
Phil Jedrasik,Active,59196,18
Stephani Feuell,Active,43807,50
Doyle Flack,Active,97086,50
Brenden Orrell,Paid Off,94372,59
Dru Bathersby,Paid Off,40003,48
Papagena Maillard,Paid Off,42167,78
Antoine Argontt,Active,76585,27
Tabitha Morrilly,Paid Off,43570,41
Harriott Liffey,Paid Off,68144,78
Lizabeth Ballston,Active,79654,84
Saloma Bellon,Active,116251,56
Jody Whaley,Active,52889,69
Kennith Sherrum,Paid Off,118684,53
Rex Dunguy,Paid Off,70667,44
Kelly Woodhead,Paid Off,46572,27
Leonanie Hebden,Active,47792,43
Chantalle Nana,Active,82954,49
Walden Delatour,Active,116525,32
Rosalia Mobbs,Paid Off,49419,56
Darelle Gethouse,Active,51324,24
Ingemar Dominik,Paid Off,52614,32
Fleur Rosendale,Paid Off,47755,87
Jayme Aberdalgy,Paid Off,79024,55
Anastassia Bristowe,Paid Off,109564,18
Maryrose Riseborough,Active,69514,19
Dagny Else,Paid Off,44661,67
Terrell Blasl,Active,94750,70
Smitty Branchflower,Active,77611,87
Allissa Fearnyhough,Active,68343,51
Cordi Ghelerdini,Paid Off,53891,30
Perry Linfitt,Active,111578,70
Guenna Wolfindale,Active,67457,56
Jacquetta Kleuer,Active,114195,72
Cullie Lias,Active,60627,27
Codee McCurtain,Paid Off,77289,45
Ginger Edel,Paid Off,91964,69
Rebe Schultz,Active,105268,67
Auroora Welburn,Paid Off,44130,64
Vanny Lewinton,Active,42862,62
Akim Lehrer,Active,44763,57
Ralina Moreside,Active,95377,31
Colan Seldon,Paid Off,50357,85
Leopold Uttridge,Paid Off,62123,80
Zola Tulley,Active,90364,68
Eveline Cornall,Active,48974,73
Albie Adamiak,Active,117791,22
Prentice Jeckell,Active,103490,72
Brigg Covely,Paid Off,57898,42
Elsinore Willoughley,Paid Off,52640,68
Myrna Volage,Active,103020,37
Noreen McVey,Active,119222,40
Clevey Coen,Paid Off,97101,49
Demetre Abramof,Active,62131,49
Fredra Oldfield-Cherry,Paid Off,62397,62
Morey Ebbers,Active,105309,77
Grace Scardifeild,Active,66992,45
Muire Cheeseman,Active,101337,42
Annaliese Grayshan,Active,77605,25
Goldia Deroche,Paid Off,119387,22
Baudoin O'Doran,Active,96049,23
Vic Cescot,Active,85135,18
Babita Van der Hoeven,Active,102443,31
Dell Oxenden,Paid Off,56458,78
Jeanie Blampied,Paid Off,102417,23
Philly Joliffe,Active,46747,58
Marlowe Rowbottam,Paid Off,113974,86
Tonya Heinecke,Paid Off,62662,44
Iain Local,Active,101848,87
Riobard Grabeham,Paid Off,109389,89
Sloan Bambra,Active,44709,51
Ceil Rispine,Paid Off,116600,56
Mollee Varnes,Active,87699,84
Jerrilyn Scarre,Active,68379,79
Merrick Bouch,Active,94358,45
Ramon Fido,Paid Off,89638,65
Nico Muddicliffe,Active,46823,74
Shepperd Glass,Paid Off,104931,64
Darrel Greenley,Paid Off,69025,32
Inness Fryer,Active,96870,20
Jami Glasard,Paid Off,64111,28
Vachel Tunnow,Active,41399,24
Bria Graundisson,Active,115760,58
Cathyleen Weller,Active,66370,74
Garey Edghinn,Active,56800,19
Darla Standish,Paid Off,44824,34
Elizabet Lanchbery,Active,119994,48
Nadeen Scurlock,Paid Off,83959,76
Arnuad Geroldo,Active,45354,68
Marcelle Osgood,Active,97565,36
Helli Masi,Paid Off,62036,83
Fletcher Hallford,Paid Off,106618,59
Perry Bowell,Active,73764,20
Hobart Peile,Paid Off,58949,32
Portia Brocklesby,Active,73340,57
Giorgio Ferroli,Paid Off,89349,58
Cirilo Saunton,Active,93646,57
Leonard Usborn,Paid Off,113517,39
Wolfie Coxwell,Paid Off,69762,52
Rania Onthank,Paid Off,82007,23
Kareem Kieran,Active,113473,80
Therese Swindlehurst,Active,68422,89
Euell Cargen,Paid Off,89160,74
Rhodie Maryon,Paid Off,86446,54
Georgetta Agastina,Active,99407,80
Sky Iddiens,Active,84253,50
Wakefield Cocker,Paid Off,83636,61
Keslie Caesar,Active,61851,50
Darrin Sowden,Paid Off,70636,37
Teddy Conew,Paid Off,119238,66
Brandice Coot,Paid Off,69780,75
Linnell Barstowk,Paid Off,92798,43
Karlen Matuschek,Paid Off,47173,18
Phyllis Gonoude,Active,106373,25
Shantee Sharpus,Active,92789,32
Marwin Landrick,Active,99889,32
Laird Arkcoll,Paid Off,68608,70
Gustave Nuth,Active,112550,30
Melisse Glozman,Active,97726,37
Thayne Rosenwasser,Paid Off,90428,88
Lindsey Tertre,Paid Off,85959,20
Sorcha Kaasmann,Paid Off,57669,59
Jennine Denson,Paid Off,62350,42
Edy Normanvill,Active,56726,66
Binky Boodell,Paid Off,46760,58
Meg Brokenshaw,Active,83643,75
Latisha Streets,Active,105188,19
Gerhardine Vine,Paid Off,84443,32
Norbie Kennerknecht,Paid Off,90011,49
Alys Edgehill,Paid Off,102604,72
Karin Teasey,Active,99053,84
Maximilian Fugere,Active,69417,46
Galina Giottini,Paid Off,107581,87
Brendan Bussy,Active,104406,48
Erin Nisuis,Active,105992,29
Jaymee Janman,Paid Off,49037,73
Hasty Ivashnikov,Paid Off,59867,23
Rafaelita Doget,Active,86550,83
Emlynn Bastick,Active,113695,19
Willy Bavidge,Paid Off,94878,29
Jojo Pautard,Active,81932,63
Ced Luxon,Active,71434,32
Janet Facey,Paid Off,91876,60
Avivah Hughlock,Active,45910,33
Bryant Puig,Paid Off,93511,75
Baudoin Janusik,Active,49034,31
Dorotea Asher,Active,50875,85
Guillemette Coase,Paid Off,66844,56
Nadean Drynan,Paid Off,85806,85
Jami Worsom,Paid Off,82954,64
Jacky Farries,Active,103860,42
Farica Bohan,Paid Off,68730,31
Onida Crannell,Active,57851,41
Feodor Danilov,Active,92488,76
Herby Saywood,Paid Off,48604,74
Gerianne Solon,Paid Off,102381,54
Chantal Lenthall,Active,40392,44
Luce Ferraron,Paid Off,61753,70
Teri Fellis,Paid Off,57219,60
Geoffrey Dahlman,Active,109623,63
Dorree Besnard,Paid Off,94859,87
Yves Balaisot,Paid Off,94910,89
Jeremias O'Cridigan,Paid Off,53652,28
Jacquette Upcraft,Active,72590,60
Nancy Cheson,Active,98926,87
Joni Bigland,Paid Off,63329,43
Carson Burril,Paid Off,117102,68
Dalis Skryne,Paid Off,52410,87
Rosanna Linsey,Active,91510,61
Chester Castell,Active,108431,84
Alfonso Gronaver,Paid Off,91743,50
Anselm Hiddersley,Active,73889,75
Marleah Royste,Active,62399,75
Jennilee Winchurst,Paid Off,90769,41
Zacharie Leile,Active,86077,41
Jorry Lack,Paid Off,65003,39
Andy Rickardsson,Active,71945,70
Byran Bellee,Paid Off,77316,67
Karney Immins,Paid Off,66202,40
Debbi Zink,Active,112139,47
Marley Draycott,Active,93247,38
Rey Gokes,Paid Off,64417,54
Rusty Ollerearnshaw,Paid Off,73828,59
Maggee Derisly,Paid Off,105865,25
Franchot Montrose,Paid Off,90143,27
Marion Ethridge,Paid Off,57393,89
Noelani Sunners,Active,69377,84
Cortney Gadie,Active,43761,52
Kleon Edison,Paid Off,86238,44
Benoite Franken,Active,112382,69
Lorianna Blincko,Active,94897,61
Mikaela Cuttin,Paid Off,103397,36
Thekla Mendonca,Paid Off,48784,89
Reggie Thunder,Paid Off,100154,86
Teresa Cowton,Paid Off,80190,18
Darb Dunk,Paid Off,107172,32
Iver Serck,Active,48449,88
Codee Ritelli,Active,51165,37
Ardra Packman,Paid Off,105892,40
Lynett Oguz,Paid Off,76238,18
Lori Bardill,Paid Off,40247,81
Jordon Lannon,Paid Off,48169,20
Libbey Sumnall,Active,63424,36
Bronson Corday,Active,64365,78
Denney Goulstone,Active,99598,38
Adora Petrenko,Active,72379,43
Julius Wink,Active,115364,85
Bobbee Bellay,Paid Off,74658,26
Fabien McCuaig,Paid Off,108727,47
Piper Soltan,Paid Off,65508,75
Celeste Kerswill,Paid Off,48979,18
Elaina Kemball,Paid Off,108564,75
Ivar McAlindon,Active,100309,29
Esther Getch,Active,92305,29
Britteny Kimmings,Active,71948,28
Debera Rosekilly,Active,112144,87
Joella Keune,Paid Off,84765,50
Greta Cash,Paid Off,41457,75
Edgardo Stainburn,Active,68735,41
Ricoriki Gifkins,Paid Off,102379,45
Roseanna Coltherd,Active,108974,38
Julianne Brade,Paid Off,103673,64
Leonerd Thynne,Active,41190,32
John Espinola,Active,77035,40
Flori Kidstoun,Active,65634,55
Florentia Dulinty,Active,90079,32
Quinta Regelous,Active,89358,79
Andres Custed,Active,116038,79
Winifred Terbeek,Paid Off,99972,58
Richmound Hearne,Active,119623,66
Ramon Arrington,Paid Off,50700,49
Ruperta Stollsteiner,Paid Off,83209,27
Isa Josefs,Active,73932,46
Clemens Millhouse,Active,88870,22
Briny Hearns,Active,57997,80
Reinhard Garie,Paid Off,71846,89
Jacquetta Bottomore,Paid Off,48085,74
Lucretia Hasnney,Paid Off,55450,20
Gib Manilo,Active,77575,52
Enriqueta Sotworth,Paid Off,75793,23
Gustav Lavers,Active,103581,41
Roarke Czajka,Paid Off,101587,24
Avrit Petrello,Active,94557,58
Sayres Gooley,Paid Off,56348,67
Hall Shakesby,Paid Off,74328,68
Ara Chubb,Active,40729,38
Myriam Hubery,Active,102143,21
Tracie Cowdrey,Paid Off,98557,83
Cecelia Rein,Active,46405,74
Moreen Playhill,Paid Off,53163,20
Bethina Roloff,Active,97480,68
Mahalia Iveans,Active,115742,89
Martie Dursley,Active,94937,44
Llewellyn Rigby,Paid Off,53521,19
Moshe Robrow,Active,103450,87
Ilysa Vasiliu,Active,75114,62
Erastus Stark,Active,84326,44
Nanine Gotliffe,Active,92631,50
Neill Wykes,Paid Off,95968,25
Betti O'Gleasane,Active,95206,68
Georgeanna Gumm,Active,59854,38
Yul Mackerel,Paid Off,67629,46
Katine Turfus,Paid Off,64213,81
Anatola Hamelyn,Paid Off,79933,64
Arleta Luetkemeyers,Paid Off,96863,76
Suki Winckles,Paid Off,77714,62
Karola Espinet,Paid Off,106073,80
Benny Comoletti,Paid Off,77663,59
Eduino Gatland,Active,52189,44
Aldus Stollenhof,Active,117804,34
Anya Cadden,Paid Off,46159,40
Danyelle Gallaher,Active,80948,41
Anna-maria Lucken,Active,67118,67
Cristen Gitting,Paid Off,48342,23
Adolf Bleakley,Active,69633,63
Kin Juden,Active,73595,22
Darcy Cobson,Paid Off,94617,23
Alie Carles,Paid Off,58317,42
Maurise Maybey,Active,52584,84
Archie Clissold,Active,53070,24
Erma Waggitt,Paid Off,110528,19
Meryl Stranieri,Paid Off,102421,22
Erek Gulland,Paid Off,77922,22
Dottie Grigg,Active,66336,25
Claire Hawkwood,Active,52947,26
Gusti Heake,Active,51912,84
Leeann Corwin,Paid Off,112629,48
Wright Dallan,Active,48638,45
Tisha Courtliff,Paid Off,66481,31
Karon Grigoire,Active,117350,70
Donny Cheesworth,Active,44849,51
Carine Summerill,Active,81781,37
Corrinne Johnstone,Active,41358,56
Tildie McMoyer,Active,62963,63
Ansell Mitchiner,Paid Off,78515,40
Regine Lamas,Paid Off,44763,60
Bronson Feaviour,Paid Off,65866,73
Theodor Trattles,Paid Off,74996,61
Britta Schott,Active,91881,80
Cazzie Bennedick,Paid Off,56664,62
Dode Hulburd,Paid Off,79889,78
Mignon Clymo,Paid Off,91439,42
Lodovico Ashford,Paid Off,41920,68
Luce Kermannes,Active,49644,63
Jolene Taplin,Active,95095,22
Olive Soall,Paid Off,61250,58
Hedwiga MacConnechie,Paid Off,112679,58
Kimball Rupel,Active,115989,73
Nels Covert,Paid Off,92800,64
Marianne Southcott,Active,101934,58
Pail Crampsey,Active,79623,29
Thomasine Murkin,Active,53252,38
Ashia Bernt,Paid Off,100570,84
Dolli Perkins,Active,107549,25
Pamella Hedworth,Paid Off,86454,87
Reinold Harlick,Paid Off,66279,58
Theresina Moodycliffe,Active,92460,21
Meryl Harber,Active,46992,54
Allie Whorlow,Active,74724,62
Fulton Brounsell,Active,112860,86
Meryl Elletson,Paid Off,57358,87
Fannie Nanetti,Paid Off,60345,82
Pall Lucks,Paid Off,79755,83
Adele Clearie,Paid Off,110655,27
Maryjane Bertwistle,Active,41690,26
Arron Tittletross,Paid Off,64454,89
Abagail Derrell,Paid Off,91977,84
Elayne Axelbey,Active,54516,75
Wenda O'Dowling,Active,46114,35
Ollie Rives,Active,94846,76
Brook Scapens,Active,91800,59
Neel Lorenz,Active,57725,53
Adi Pickerin,Paid Off,63243,50
Gwen Sansam,Active,106107,75
Broddie Morgue,Active,50314,83
Nicoli Caton,Paid Off,98034,60
Trula Wroe,Paid Off,86121,49
Baxter Dewdeny,Paid Off,51381,36
Chrysler Costock,Active,62833,25
Elsworth Bowery,Paid Off,107905,41
Reube Boswell,Paid Off,61589,88
Theresita Izakof,Active,43105,41
Wildon Rosekilly,Paid Off,88753,22
Worthy Fritche,Active,94571,73
Abba Westoll,Paid Off,112332,36
Ronnica Punchard,Paid Off,119259,35
Felipa Kernar,Paid Off,46733,28
Roley Gergler,Paid Off,54862,44
Walliw Caddock,Paid Off,60151,53
Nannie Ackers,Active,92580,63
Natalee Thornham,Paid Off,44071,87
Tomasina Zelley,Paid Off,75724,28
Netti Cersey,Paid Off,115773,64
Yolanthe Hurdiss,Paid Off,84592,85
Kerr Gostall,Active,46406,40
Wye Tesmond,Active,94432,76
Renato Duddan,Paid Off,59308,32
Milissent Bevens,Paid Off,100361,60
Rori Rubinow,Paid Off,62941,82
Dasha Krates,Paid Off,96553,37
Shurwood Messum,Paid Off,82484,72
Ezri Fronczak,Active,69269,54
Cris Paviour,Active,71479,48
Nadean Palfery,Paid Off,74835,32
Julissa Mityakov,Active,70308,47
Bettina Janik,Paid Off,119386,44
Marketa Feron,Active,102371,75
Tedda Fisbburne,Active,85533,61
Giselbert Yeabsley,Active,92376,80
Charissa Zotto,Paid Off,93313,73
Frances Beck,Paid Off,58228,32
Nance Hazeman,Paid Off,114602,19
Odella Aldin,Active,41173,33
Gardie Arnefield,Paid Off,65377,66
Gilly Primak,Paid Off,87879,48
Mariam Shimmings,Active,94630,40
Tamra Gercken,Active,104458,61
Charlean Price,Active,90997,48
Lana Worstall,Paid Off,91619,43
Trista Warsap,Paid Off,70703,78
Sanderson Dirand,Active,46593,24
Van Leadbeater,Paid Off,95998,42
Wakefield Rudinger,Paid Off,96182,68
Harmonie MacCarlich,Paid Off,69702,21
Jase Pogson,Active,79031,62
Wynnie Ficken,Active,52470,70
Garv Scipsey,Paid Off,107533,39
Trescha Knaggs,Active,50746,71
Lettie Bugge,Active,109832,83
Marys Micah,Paid Off,45360,54
Valentine Dauncey,Active,80271,83
Tammy Callaby,Paid Off,84785,39
Slade Rainsdon,Active,56905,77
Kingsly Honisch,Active,75150,77
Veronike Preto,Paid Off,63641,18
Bern Belsey,Active,54386,82
Shadow Tather,Paid Off,53641,50
Roselia Robic,Paid Off,58335,28
Kizzie Jumont,Active,44653,63
Tova Dingwall,Paid Off,81419,89
Nike Fessier,Paid Off,59930,51
Cornie de Keyser,Active,97689,71
Brewer Cornbill,Paid Off,95663,39
Corabella Horbath,Paid Off,64321,88
Stanislaus Beatty,Paid Off,59399,56
Stephen Ullrich,Active,100400,58
Pat Caddie,Paid Off,97682,62
Ivette Lannin,Active,91331,20
Thomasina Gadault,Paid Off,56093,60
Harmonie Dranfield,Active,114716,51
Stevie Darell,Active,92530,60
Callida Hammatt,Active,91326,69
Cinda Ambrozik,Paid Off,108961,46
Baxie Meachen,Active,66454,74
Malcolm MacKeever,Paid Off,52287,62
Darby Di Batista,Active,85590,87
Stormie Culpin,Paid Off,52775,21
Penrod Freire,Paid Off,68227,51
Addison McComas,Active,56153,41
Haze Oolahan,Active,65849,64
Coop Channer,Paid Off,67009,67
Ettore Portwaine,Active,68033,33
Arda McEwen,Paid Off,81117,29
Bradan Yitzhak,Paid Off,86603,76
Reed Jenney,Active,77388,48
Arley Schoroder,Active,75854,76
Vanny Cosens,Paid Off,74374,78
Farrel Waterhous,Active,118970,58
Callean Gander,Paid Off,88740,34
Jillayne Kulic,Paid Off,46057,83
Albert Mundall,Active,45975,20
Wilton Tarr,Active,56922,58
Whittaker Wroughton,Paid Off,61045,49
Wylie Pegrum,Active,92630,26
Sandi Foxwell,Paid Off,99805,62
Kassi Paszek,Paid Off,74930,67
Ezekiel Callaway,Active,46178,67
Merv Mustoo,Active,75847,42
Maureen Dutteridge,Paid Off,71953,78
Dar Hoggins,Active,97288,52
Gerty Marjoribanks,Active,55746,59
Pepi Govinlock,Paid Off,52978,77
Perry Frazier,Active,76463,35
Ragnar Olliar,Active,115425,55
Heda Parlot,Paid Off,61562,57
Allina Gilbride,Active,117413,80
Olag Frid,Paid Off,119033,22
Rosco Kepe,Active,117423,59
Roseanne Glencorse,Paid Off,49775,74
Emmalee Belfelt,Paid Off,72305,24
Tracie Dumphries,Active,41811,63
Dollie Cushe,Paid Off,45261,41
Imelda Roantree,Paid Off,73760,45
Alyse Shingles,Paid Off,111382,39
Dom Hallt,Paid Off,111810,39
Daveen Deplacido,Active,110504,70
Georgina Balding,Paid Off,46320,48
Andrew Bezant,Paid Off,107073,89
Waylen Jacobsson,Active,89591,42
Arlina De Luna,Active,82010,73
Osborne Morde,Active,94980,59
Denyse Elfleet,Paid Off,107829,74
Theda Durston,Paid Off,61238,26
Pearle Dowbiggin,Active,85885,59
Guthry Giraudeau,Paid Off,88756,56
Clara Ballsdon,Paid Off,104032,69
Madge Yushmanov,Active,108151,42
Devi Molohan,Active,84878,87
Josh Garritley,Active,91839,36
Jerad Hawker,Paid Off,79020,81
Scot Dumberell,Paid Off,99630,61
Elita Skeermor,Paid Off,61153,40
Bobbye Cotte,Paid Off,92565,22
Bird Donaldson,Active,42824,41
Julius Kee,Paid Off,75246,22
Selma Oade,Active,95238,50
Burnard Truin,Paid Off,115669,51
Andreas MacLachlan,Active,110091,23
Ulrika Matuszkiewicz,Active,68776,35
Olly Costen,Active,43159,47
Claus Ludewig,Active,59161,20
Bent Barthrup,Paid Off,117540,45
Hortensia Rainford,Active,41187,62
Cort Spatari,Active,119485,37
Latrina Grishenkov,Active,54691,64
Rebeka Garforth,Active,115275,32
Krissy Carmen,Active,104488,75
Betteanne Road,Active,45569,46
Pierette Reck,Paid Off,99135,71
Marice Berzons,Active,118002,24
Olia Lante,Paid Off,54993,74
Richmound Mirfin,Paid Off,42847,50
Lowe Ketts,Active,41140,68
Kathleen Bryan,Paid Off,110549,75
Booth Dorricott,Paid Off,73929,33
Wanda Lambird,Paid Off,66867,23
Aime Pembry,Paid Off,88698,71
Burl McGray,Paid Off,54782,60
Meghann Morriss,Active,68107,50
Beverlie Dowson,Paid Off,43413,39
Sig Giacopazzi,Paid Off,101380,35
Bambi Lloyd-Williams,Paid Off,63176,63
Kariotta Jobbins,Active,51485,73
Joana Egar,Active,59849,88
Morissa Lethlay,Active,77224,67
Basile Ege,Active,53017,59
Cliff Leebetter,Active,49070,48
Vergil Gribbins,Paid Off,83292,33
Tami Fattori,Paid Off,46926,52
Garik Sidebotton,Active,117266,35
Tobias Haslock,Paid Off,101436,68
Valentijn Snook,Active,110304,77
Angie Milborn,Active,57088,88
Obediah Clouston,Paid Off,119785,74
Muhammad Sieghart,Paid Off,100745,58
Susy Ife,Paid Off,69782,27
Ikey Rhodes,Paid Off,85009,65
Ingaborg Hanratty,Active,115017,38
Arleen Heighton,Paid Off,46531,65
Abraham Robard,Active,59174,85
Felipe Pumfrett,Paid Off,64443,66
Joell Pitceathly,Paid Off,56797,73
Riva Discombe,Active,85390,86
Efrem Ellsom,Paid Off,107775,84
Mareah Gillani,Active,45543,41
Mack Slyford,Active,65815,75
Zacherie Westwick,Active,108639,78
Esme Dukes,Paid Off,73982,79
Wendie Sharpe,Paid Off,46633,43
Harmonia Yewman,Paid Off,74494,80
Dania Pavey,Paid Off,71610,43
Farrand O' Neligan,Paid Off,49277,84
Aubrey Belfitt,Active,77256,84
Wash Maestro,Paid Off,79141,39
Teresa Blundel,Active,111855,71
Karie Fulks,Active,104217,87
Zita Boliver,Active,110489,55
Augusta Ganders,Paid Off,46852,46
Marshall Silman,Paid Off,94951,70
Angus Tilmouth,Paid Off,105360,41
Yvonne Edginton,Paid Off,40714,26
Evangeline Frank,Active,119138,38
Cinderella Huckleby,Paid Off,108249,39
Theodoric Adamovitch,Active,110413,55
Christin Levicount,Active,57301,66
Mirabelle Healeas,Paid Off,115580,24
Rachael Roxburgh,Paid Off,70578,59
Wilmar De Roeck,Paid Off,75883,29
Wait Kipling,Paid Off,68673,57
Adrianna Morehall,Paid Off,54353,20
Elset Grayshan,Active,50405,61
Aubry Perrinchief,Paid Off,74302,21
Dagmar Romushkin,Paid Off,110680,80
Wilmar Skrzynski,Paid Off,105986,27
Edwin Hay,Active,101862,78
Basile Moses,Active,53667,37
Deloris Gumley,Paid Off,46688,60
Ida Carabet,Paid Off,70071,42
Cara Mattheissen,Paid Off,115587,57
Dickie Sagrott,Active,67591,54
Guy Batie,Active,56697,76
Dukey Grinnov,Active,62812,30
Berthe Scholcroft,Paid Off,88012,24
Arvie Greenstreet,Active,94794,44
Derron Kubek,Paid Off,65380,38
Bride Djorvic,Active,84721,38
Bryna McAuliffe,Paid Off,117618,26
Roxie Poulston,Paid Off,51288,79
Mollie Warham,Active,67705,88
Aloisia Seally,Paid Off,109347,71
Cele Cumesky,Active,95797,49
Ermentrude Harold,Paid Off,112534,60
Noni Tarren,Active,74744,85
Rene Whitley,Paid Off,106253,46
Catlee Cordeau],Paid Off,116335,85
Tim Franzettoini,Paid Off,103917,84
Allyn Maunton,Active,112592,48
Rhett Abramof,Paid Off,103601,37
Natty Jardein,Active,78328,41
Constanta Bordman,Paid Off,57736,68
Ambrosius Lauks,Paid Off,86939,34
Deny Filip,Active,55284,57
Bobbe Stoppe,Paid Off,80748,74
Vaughan Butland,Active,104156,22
Derwin Boulder,Paid Off,60770,42
Brod Vaen,Paid Off,83488,82
Nikola D'Oyly,Active,80913,60
Elspeth Swarbrigg,Paid Off,48054,32
Bail Galland,Paid Off,102958,25
Philippe Swindlehurst,Paid Off,53473,78
Mickie Ive,Active,95723,67
Fae Chismon,Active,110796,50
Josepha Crighten,Paid Off,44470,70
Genvieve Bonehill,Active,49475,59
Audry Stanbro,Active,106352,65
Jackqueline Dudden,Paid Off,48768,39
Lionello Reubens,Active,100522,58
Valentina Garlee,Active,44310,40
Rozanne Mount,Active,119562,69
Constantine Hebdon,Active,100193,60
Marlin Clarke,Active,65150,45
Arvie Waggitt,Paid Off,46928,65
Julius Gobbet,Active,69174,58
Pren Pryor,Paid Off,76027,72
Fedora Ruter,Active,89655,66
Lawton Boyes,Active,80477,62
Gaile Piggen,Active,108798,40
Carling Phibb,Active,91433,36
Galvin Rosendale,Active,114488,76
Susy Jemmett,Paid Off,72435,65
Trstram Mapam,Paid Off,46421,21
Linzy Allberry,Active,41604,72
Sayres Farrand,Active,79598,65
Jerri MacIlory,Active,102704,73
Amity Oxberry,Active,97421,49
Myrlene Winterbottom,Active,66875,20
Melosa Haddy,Paid Off,91928,78
Bartolemo Currier,Active,76692,66
Haskel McDugal,Paid Off,98799,46
Nicolle Deedes,Paid Off,96735,42
Leigh Baack,Paid Off,75430,45
Meredeth Gallo,Paid Off,45923,72
Harriette MacIver,Active,85218,46
Elisabeth Berrisford,Active,60318,60
Eli Lightoller,Paid Off,50095,52
Chastity Caulcott,Paid Off,66662,18
Rosette Liggins,Paid Off,77190,25
Raleigh Latchford,Paid Off,101276,87
Korrie Maccree,Active,96293,46
Asher Willerson,Paid Off,81155,87
Franciska Nias,Paid Off,47392,26
Jo Crummie,Active,79434,68
Paula Spofforth,Paid Off,51040,50
Elroy Kunzler,Active,57917,80
Klemens Birtles,Active,44998,78
Abbe Trahar,Active,111065,57
Debee Persse,Active,60963,79
Yank Prickett,Active,67991,61
Roda Tuckey,Paid Off,63504,18
Kaiser Dubbin,Paid Off,49539,49
Gillan Polsin,Paid Off,72297,45
Jeffry Gossan,Active,51812,40
Kaleb Chastang,Active,58029,89
Denney Eckford,Paid Off,56437,52
Corabella Hoble,Paid Off,106238,67
Roderic Armsden,Active,87735,66
Ignace Wickwar,Active,84747,67
Sigismond Lodwig,Active,92311,23
Devondra Cholerton,Active,109470,20
Idaline Doni,Paid Off,101179,58
Sherwood Tomney,Active,41419,29
Asher Blewett,Active,102563,68
Henry Haighton,Paid Off,55275,66
Sauveur Le Hucquet,Paid Off,42179,83
Brandon Clute,Paid Off,118546,65
Meryl Diggle,Paid Off,66498,81
Elisha Scinelli,Paid Off,49129,82
Baryram Cancott,Active,50311,85
Jessalyn Hankinson,Paid Off,55370,25
Gaelan Cumberlidge,Active,54996,54
Inesita Lancetter,Active,118960,54
Odey Loveday,Active,61716,37
Dee Lyptrit,Active,66493,82
Gardiner Cousen,Active,86601,18
Niles Rentcome,Active,42473,61
Otis Corgenvin,Active,51721,76
Rodi Caulcott,Paid Off,89600,28
Hertha Belf,Active,83184,50
Windham Goney,Active,82169,30
Annabell Grunnell,Paid Off,55285,87
Codie Yanson,Active,50643,79
Sarene Lightning,Active,102907,29
Gerladina Affuso,Paid Off,65241,20
Christie Archdeacon,Active,56796,25
Tracey Joscelyn,Paid Off,108642,74
Ethel Domone,Active,96259,27
Cahra Duffan,Paid Off,62461,37
Thorstein Van Velden,Paid Off,68782,62
Rog Twentyman,Paid Off,108633,33
Turner Keunemann,Active,65303,72
Ketty Hows,Active,109164,47
Welbie Schole,Paid Off,70329,23
Jillana Penhall,Paid Off,94881,38
Delphinia Fardoe,Active,63905,75
Crystal Spottiswood,Active,63867,46
Krystalle Pettitt,Paid Off,100535,50
Charley Filpi,Paid Off,72801,31
Liz Dawtry,Paid Off,55422,38
Morganne Bonfield,Active,114561,40
Conrade Guidotti,Active,87656,49
Joyann Keyson,Paid Off,55155,49
Stanislaw Johnikin,Paid Off,76988,64
Brewer Laurentin,Paid Off,70197,34
Twila Brandenburg,Active,48760,82
Franz Ganiclef,Paid Off,90612,52
Colly Takkos,Active,78279,55
Sacha Aristide,Paid Off,102831,24
Bobby Watmore,Paid Off,113046,20
Wald Ganniclifft,Active,71803,24
Catherin Lorain,Active,106232,39
Deni Barsby,Paid Off,89941,58
Iggy Stranks,Paid Off,110150,30
Steven Sabathe,Active,74692,69
Leila Pybworth,Paid Off,52316,57
Florinda Gorey,Active,40840,62
Northrup Waind,Active,53956,79
Tobias Vicary,Paid Off,101968,56
Terra Hrinishin,Paid Off,80724,24
Vally Juckes,Paid Off,105388,26
D'arcy Teape,Paid Off,109864,32
Rex Bernlin,Active,85185,56
Cindi Corsan,Active,114182,85
Nicol Hugnin,Active,110324,57
Javier Mounch,Paid Off,71115,19
Kali Acors,Paid Off,46249,61
Rebe Grindley,Active,56198,72
Ron Shoosmith,Active,78383,18
Cahra Shelborne,Paid Off,91938,28
Cassy Beaglehole,Paid Off,55760,77
Jeff Spalls,Active,104247,58
Morten MacGillavery,Active,109961,25
Lefty Grandham,Paid Off,106284,26
Lana Strutt,Active,108283,50
Nikolaos Derell,Active,45119,21
Aeriel Cutbirth,Active,90340,80
Philippe McClune,Paid Off,57756,24
Beatrix Gallehawk,Paid Off,84675,22
Rab Fountaine,Active,102527,47
Codee Ongin,Active,46492,77
Alfi Brayfield,Paid Off,71051,36
Nissa Muzzillo,Active,87256,36
Brittany Roller,Active,89682,70
Oralia Gentle,Paid Off,60929,77
Lelia Peirpoint,Paid Off,116081,80
Jephthah Kewish,Paid Off,98477,38
Britta Sedgebeer,Paid Off,85088,31
Wilhelm Cadney,Paid Off,66155,24
Linus Brecknell,Active,41261,49
Titus McGaugey,Active,115878,75
Igor Duxbury,Paid Off,81250,88
Celine Tatersale,Paid Off,83682,40
Waverley Bartlam,Active,105978,40
Barbara Nannizzi,Active,41790,32
Clyve Grebert,Paid Off,88340,80
Timothea Eburah,Active,45931,69
Augustine Luparti,Active,61605,71
Merrile Cristol,Paid Off,50987,53
Lisbeth Trusler,Active,73087,33
Fonsie Bouldon,Paid Off,74271,28
Lynett Lotte,Active,59733,25
Jeffry Rosenbloom,Active,54714,59
Cristi Maric,Active,78994,49
Jackie Faichnie,Active,43404,54
Bethina Phette,Paid Off,98926,42
Latashia Searles,Active,64621,20
Leupold von Hagt,Active,110081,30
Agata Paaso,Active,82410,41
Sibby Cundict,Paid Off,78942,43
Gradey Merrall,Active,92997,22
Sherilyn Cato,Active,102019,83
Rees Saveall,Paid Off,106047,30
Collen Broadbear,Active,108014,66
Michelle Tenwick,Paid Off,112793,18
Joseito Marzelle,Paid Off,115231,34
Anders Denial,Active,96128,25
Tuck Preedy,Paid Off,77758,36
Karyn Sangster,Active,117931,40
Pamella MacSwayde,Active,98845,42
Charmian Camplejohn,Active,57504,31
Felicia Vinick,Paid Off,66404,28
Bernadine Brooksbie,Paid Off,69328,50
Konstantine Blair,Active,75375,23
Son Noweak,Paid Off,94896,37
Lloyd Leven,Paid Off,66900,64
Kirsti Sedgmond,Paid Off,95101,71
Cesya Simonds,Paid Off,66057,27
Randi MacUchadair,Paid Off,116512,47
Kitti Amesbury,Active,91122,59
Ruby Durrand,Active,117020,25
Bobbe Haig,Active,93561,75
Aeriel Common,Paid Off,73001,35
William Slinger,Paid Off,47461,42
Marti Stanion,Active,67203,68
Nonie Cuppitt,Active,94672,64
Gerardo Bedell,Paid Off,84650,35
Halette Kenn,Paid Off,68237,21
Mortimer Sponder,Active,98101,69
Melli Pearch,Paid Off,66038,64
Christophe Linbohm,Active,62812,79
Ezekiel Plows,Paid Off,109740,73
Sallie Hairsine,Paid Off,93538,23
Brenn Shefton,Paid Off,51107,55
Ferrel Kivlin,Paid Off,65319,85
Gram Dykas,Active,85908,37
Dewie Trewman,Paid Off,102757,44
Devin Arsnell,Active,64451,83
Isahella Assante,Active,54566,66
Rosalinda Matussow,Active,76518,40
Leanna Ionesco,Active,62663,82
Jay Sturror,Paid Off,102442,27
Barry Ferres,Paid Off,99275,23
Tonia Hiscoke,Active,97256,27
Di Berthe,Active,80819,56
Annabela Thiem,Paid Off,79167,67
Karole Davidsen,Paid Off,56691,55
Esme L'oiseau,Paid Off,95160,66
Shelly Steer,Active,102958,51
Giacinta Rotte,Active,44163,82
Ariana Adlem,Active,110687,62
Rici Sarsfield,Paid Off,68246,52
Hobard Adshed,Paid Off,56780,67
Adrienne Hamor,Active,52860,47
Ibby Brangan,Paid Off,103502,62
Hanna Sukbhans,Paid Off,72315,68
Vivyan Ponting,Paid Off,115455,61
Benny Emburey,Paid Off,44804,30
Solly Willard,Active,54664,66
Barry Domegan,Paid Off,110040,82
Elena Rodie,Active,114633,85
Katey Cron,Active,48515,33
Sherri Birchner,Paid Off,40325,89
Jacquie Oakwell,Paid Off,64256,41
Cesya Slight,Active,67767,33
Noel Farman,Paid Off,93037,80
Bonni Milby,Paid Off,49959,18
Vittoria Aguirrezabala,Active,80867,20
Esther Buard,Paid Off,110282,18
Dotti Endrici,Active,102055,81
Othilia Cropper,Paid Off,85847,35
Whitman Abramino,Active,107600,82
Venita McTeague,Active,104487,46
Diane-marie Rainton,Active,77778,46
Anthony Hallede,Paid Off,74324,18
Neil Dack,Active,53519,69
Fedora Bertlin,Active,107127,69
Vivian Buss,Active,114256,34
Adlai Szymaniak,Paid Off,118078,77
Kasper Costell,Active,74930,50
Rossy Kincey,Paid Off,45847,30
Clerc Friman,Active,109004,83
Ronny McCane,Active,58082,63
Jayme Rubrow,Paid Off,40499,77
Juliane Alexsandrev,Paid Off,75581,77
Ricoriki Lints,Active,54316,87
Devi Lace,Paid Off,75396,18
Luca Veracruysse,Paid Off,78935,71
Paddie Neesam,Paid Off,115001,26
Judd Patterson,Active,51683,46
Kore Scrooby,Paid Off,82549,88
Artemis Felmingham,Active,96588,58
Garwood Leveritt,Active,106486,76
Vidovic Sirey,Active,83858,65
Curt Ajam,Active,66350,44
Saw Caven,Active,59126,45
Gabrielle Walkley,Paid Off,116456,56
Elberta Brucker,Paid Off,95940,43
Luz Mathivet,Active,99595,22
Christy Catterall,Paid Off,71184,71
Konstance Reyson,Active,109600,38
Miner Rowatt,Paid Off,53249,59
Antoinette Barry,Active,40925,88
Sharia Reaper,Paid Off,54012,69
Aubert Golbourn,Paid Off,114786,34
Karna Elleyne,Paid Off,63078,38
Laney Isted,Active,74346,78
Odilia Etuck,Active,40180,67
Emmalynne Lauchlan,Paid Off,89041,25
Niven Sarjeant,Active,84983,65
Liza Cliss,Paid Off,66846,24
Blair Feetham,Active,62883,59
Gerrie Lipprose,Active,61667,22
Kikelia Tieman,Paid Off,103002,24
Ignacius Hannah,Active,93341,66
Reamonn Tilley,Paid Off,61813,82
Mathian Carrivick,Active,96031,40
Breanne Woolston,Paid Off,92756,61
Barrett Stonebanks,Paid Off,81140,62
Farrand Skacel,Active,64635,80
Marcellina Weatherall,Paid Off,79386,74
Trescha Aubry,Active,46291,86
Ranna Nosworthy,Paid Off,87762,41
Dale Crown,Paid Off,88723,70
Helenka de Merida,Paid Off,102345,63
Jacky Shefton,Paid Off,61447,77
Georgeta Bulpitt,Active,58055,68
Carney Tamas,Active,99569,45
Dayle Leaf,Active,48528,21
Dud Chart,Paid Off,115801,57
Cash Odom,Active,107295,74
Nana Rodger,Active,43394,39
Chauncey Dunstan,Active,72464,78
Augustin Bewlay,Active,54419,56
Angie Dumberell,Paid Off,99791,51
Ardelle Benian,Paid Off,89288,27
Morse Grangier,Active,51063,48
Joye Preon,Active,49215,63
Tonia Lundon,Active,85801,76
Dolph Polding,Paid Off,99892,84
Krystyna Benstead,Paid Off,66986,59
Ira Ferreli,Active,117204,54
Scarlett Meharg,Active,56926,34
Annissa Jolly,Active,44036,61
Batholomew Gosenell,Active,61528,48
Audi Kleinmann,Paid Off,82074,65
Joey Hazley,Paid Off,110209,19
Erina Sheaf,Active,53283,40
Cos Swaysland,Active,111955,22
Olympia Realff,Paid Off,112338,24
Brod Walicki,Active,81208,88
Arlee Terren,Active,105719,34
Guillaume Ranson,Paid Off,73856,26
Sheffie Pideon,Active,110183,82
Tabbie Cornelleau,Paid Off,55477,51
Celesta McPike,Active,115922,88
Izaak Askin,Active,72506,77
Tremayne Benninck,Active,63851,47
Trudy Lagadu,Active,107210,43
Lenore Radden,Active,99978,34
Silvia Sidden,Active,119320,28
Martha Dewett,Paid Off,101787,32
Elita Chinnock,Paid Off,58697,28
Jessamyn Jeannin,Active,66339,27
Audry Galiford,Paid Off,94270,69
Osbourn Lattey,Active,85977,50
Gran Puckring,Paid Off,60837,50
Tod Jore,Paid Off,109599,32
Elizabet Bisco,Active,50325,40
Datha Pawling,Active,67572,59
Gabby Rallin,Active,113179,65
Bari Scinelli,Paid Off,108922,29
Prudi Grzesiewicz,Active,79917,24
Mel Malkin,Active,97873,56
Sylvan Matcham,Paid Off,75841,53
Muire Micheau,Active,86236,50
Kendre Heaseman,Paid Off,85952,50
Merrill Cleobury,Paid Off,50639,18
Jenda Bomfield,Paid Off,108378,71
Cristi Goom,Active,51921,79
Wesley Dominichelli,Paid Off,108275,62
Levey Kauble,Active,103580,52
Ailene Bemrose,Active,77507,88
Guillermo McReath,Active,48829,28
Cedric Boaler,Active,70290,37
Kelli Vignaux,Active,87614,69
Hercules Gipp,Active,58562,76
Lilas Strickland,Active,96668,58
Carolan Lamond,Active,115740,33
Ugo Dehmel,Paid Off,49574,19
Rab McKeran,Active,72581,46
Wally Brettoner,Paid Off,79686,74
Ethyl Borghese,Active,51664,70
Mikel Maffucci,Paid Off,61238,89
Killy Popham,Active,86871,77
Branden Fery,Paid Off,118766,66
Kimberley Bittany,Active,45555,26
Sisile Bartoszewski,Paid Off,94252,45
Collie Ramsby,Paid Off,71701,40
Pyotr Bonhill,Active,65423,36
Tait Petrasek,Paid Off,54653,42
Kesley O'Doherty,Active,100890,78
Clio Simunek,Paid Off,89888,77
Elva Broad,Paid Off,99082,49
Mathias Ramel,Paid Off,84525,77
Rhody Kneesha,Paid Off,92388,44
Quintus Shorton,Active,117865,81
Barnebas Habershon,Active,82125,26
Tybie Canas,Active,98521,74
Alaine Durn,Paid Off,116294,40
Meggi Ponton,Paid Off,58314,57
Weider Woodyatt,Paid Off,62648,27
Jeremy Dominik,Paid Off,114123,81
Fax Andri,Paid Off,94779,60
Julieta Sirette,Paid Off,95364,50
Hubert Bidewell,Paid Off,112100,25
Jessie Dugue,Active,46690,57
Tiffani Twopenny,Paid Off,57778,23
Ava De Ambrosi,Active,42592,61
Berny Berthomieu,Active,95679,45
Carlyle Oxlee,Active,117052,64
Mehetabel Vevers,Active,48620,18
Jackqueline Poplee,Active,59929,87
Debera Abad,Paid Off,59171,35
Gene Scathard,Paid Off,65134,53
Harrie Spelwood,Paid Off,72039,47
Paolina Le Prevost,Paid Off,109407,48
Niki Czapla,Paid Off,46487,57
Cody Colls,Paid Off,80455,57
Murielle Sancraft,Active,41185,25
Alida Sconce,Paid Off,89275,84
Arvin Bevar,Active,108983,83
Aeriell Kinze,Paid Off,40634,81
Westbrook Aggio,Paid Off,51696,75
Carlee Foulis,Paid Off,103781,65
Timotheus Tarpey,Paid Off,56522,82
Betta Chessel,Active,70700,62
Herculie Ivakhin,Paid Off,97893,21
Troy Hedin,Active,57408,63
Perren Pedrick,Active,87592,37
Reinald Cerro,Active,97275,48
Kellyann Wallwork,Active,50363,75
Joanne Beasleigh,Active,52264,89
